{
    "nombreApp" : "Componentes",
    "rutas" : [
        {
            "ruta" : "counter",
            "icon" : "plus_one",
            "texto": "Contador - Avatar",
            "color": "0xff007944"
        },
        {
            "ruta" : "slider",
            "icon" : "tune",
            "texto": "Sliders - Checks",
            "color": "0xff123456"
        },
        {
            "ruta" : "card",
            "icon" : "folder_open",
            "texto": "Cards - Tarjetas",
            "color": "0xffc20d2d"
        },
        {
            "ruta" : "movies",
            "icon" : "movies",
            "texto": "Movies - mariano",
            "color": "0xff654321"
        }
    ]
}